Transaction Hash,Date,From,From_name,From_category,To,To_name,To_category,Value,DOT_USD,Symbol,Acquainted?
0x3447f674b598cf8acf994937f028444487850713879618e4d5694f075b4648af,2022-03-31,0xfe89cc7abb2c4183683ab71653c4cdc9b02d44b7,DAO Wallet,DAO Wallet,0x2686a8919df194aa7673244549e68d42c1685d03,Ecosystem,Ecosystem,127500.0,128461.33,USDC,1
0x3447f674b598cf8acf994937f028444487850713879618e4d5694f075b4648af,2022-03-31,0xfe89cc7abb2c4183683ab71653c4cdc9b02d44b7,DAO Wallet,DAO Wallet,0x2686a8919df194aa7673244549e68d42c1685d03,Ecosystem,Ecosystem,6500.0,116788.62,ENS,1
0x3447f674b598cf8acf994937f028444487850713879618e4d5694f075b4648af,2022-03-31,0xfe89cc7abb2c4183683ab71653c4cdc9b02d44b7,DAO Wallet,DAO Wallet,0x2686a8919df194aa7673244549e68d42c1685d03,Ecosystem,Ecosystem,6.0,19696.68,ETH,1
0xc6fc145016ca50d3c7fbded8037d3ecd16620a56183a15a51a775f051edd3aa5,2022-04-01,0xfe89cc7abb2c4183683ab71653c4cdc9b02d44b7,DAO Wallet,DAO Wallet,0x2686a8919df194aa7673244549e68d42c1685d03,Ecosystem,Ecosystem,250000.0,251898.04,USDC,1
0x30f15fbdd9eaa2989625790b4349a786582125001d48d7ccf183678ff8ba6abd,2022-04-18,0x2686a8919df194aa7673244549e68d42c1685d03,Ecosystem,Ecosystem,0x328ebc7bb2ca4bf4216863042a960e3c64ed4c10,lcfr.eth,Bug Bounty,-45000.0,-44962.67,USDC,1
0x922d0ac2fa1d1788209445b71f849512cd1eccb42dce8d5c6d4567601e922ea6,2022-04-26,0x2686a8919df194aa7673244549e68d42c1685d03,Ecosystem,Ecosystem,0x20ca5e93db3cfec02407467945b991f544e8f7a5,Bug Hunter,Bug Bounty,-15000.0,-14969.01,USDC,1
0xe0081485f9ee1b75ea0c44279e1a63482a85ddfc8d26320f05ac3b31bbe518b2,2022-04-26,0x2686a8919df194aa7673244549e68d42c1685d03,Ecosystem,Ecosystem,0xf0ad05cbada6db46efb68f46caf9648ada9b9ca6,Website Competition,Eco. Grants,-100.0,-1431.5,ENS,1
0x7021bcee453664bcae2a8a2d56c184674cd27d1c85da13a73d7012bb075b664d,2022-04-26,0x2686a8919df194aa7673244549e68d42c1685d03,Ecosystem,Ecosystem,0xbd7d47df9e4890305ba2d43f90b3c63ca40debef,Website Competition,Eco. Grants,-100.0,-1431.5,ENS,1
0x9fc2812533dcd1cbf81f3fdf00eb3ec5f391ad183823831b1cf25bd0566fb65a,2022-04-26,0x2686a8919df194aa7673244549e68d42c1685d03,Ecosystem,Ecosystem,0xb352bb4e2a4f27683435f153a259f1b207218b1b,ETHLimo,Eco. Grants,-4000.0,-3991.73,USDC,1
0x78473dbf2ab8912330e86353359101d41c6a58eb9cdbc51047cf13bbf9758b23,2022-05-09,0x2686a8919df194aa7673244549e68d42c1685d03,Ecosystem,Ecosystem,0xb9a0fb254aea7bcec79c7bd8052dcd902a5388ff,slobo.eth,Salaries,-7000.0,-6994.42,USDC,1
0x78473dbf2ab8912330e86353359101d41c6a58eb9cdbc51047cf13bbf9758b23,2022-05-09,0x2686a8919df194aa7673244549e68d42c1685d03,Ecosystem,Ecosystem,0x521aacb43d89e1b8ffd64d9ef76b0a1074dedaf8,bobjiang.eth,Salaries,-4000.0,-3996.81,USDC,1
0x78473dbf2ab8912330e86353359101d41c6a58eb9cdbc51047cf13bbf9758b23,2022-05-09,0x2686a8919df194aa7673244549e68d42c1685d03,Ecosystem,Ecosystem,0x1213da60935679d412ef6fc512642e6f83988ec1,ginge.eth,Salaries,-6500.0,-6494.82,USDC,1
0xa9f0f7adbf97b0643026cd4723ea1115d8c43dba68ce2682816b2f2db5225966,2022-05-10,0x2686a8919df194aa7673244549e68d42c1685d03,Ecosystem,Ecosystem,0xd8ac250d3c2dc1a19ff8a58ca76b8861aca48f15,10k Club,Eco. Grants,-10000.0,-9994.52,USDC,1
0x335170d78dd22feb2ec78e9435b792d277fff6117d3c944d87a13baa00c1f7e2,2022-05-12,0x2686a8919df194aa7673244549e68d42c1685d03,Ecosystem,Ecosystem,0xa4c856f0f1bff3c3f48d72f08a51823465233db8,danch.eth,Translators,-700.0,-701.1,USDC,1
0x16d27d47d92011c88c61857a1d4c2806f9b05d034075e4ea2dd9466232262b9a,2022-05-30,0x2686a8919df194aa7673244549e68d42c1685d03,Ecosystem,Ecosystem,0xf14f66748ff5d530c0235bf8ad017f9ae79a6b6a,gregskril.eth,Eco. Grants,-11000.0,-11013.75,USDC,1
0x16d27d47d92011c88c61857a1d4c2806f9b05d034075e4ea2dd9466232262b9a,2022-05-30,0x2686a8919df194aa7673244549e68d42c1685d03,Ecosystem,Ecosystem,0xf14f66748ff5d530c0235bf8ad017f9ae79a6b6a,gregskril.eth,Eco. Grants,-3.0,-5992.92,ETH,1
0x580f4a60dac647cd046a152045ab587aae9bcc205e0a1df89b3f57c814bcb135,2022-05-30,0x2686a8919df194aa7673244549e68d42c1685d03,Ecosystem,Ecosystem,0xab9b581205566d9509e17d159869025503b366ec,ENS Research,Eco. Grants,-2000.0,-2002.5,USDC,1
0x580f4a60dac647cd046a152045ab587aae9bcc205e0a1df89b3f57c814bcb135,2022-05-30,0x2686a8919df194aa7673244549e68d42c1685d03,Ecosystem,Ecosystem,0xab9b581205566d9509e17d159869025503b366ec,ENS Research,Eco. Grants,-100.0,-1262.98,ENS,1
0x16d27d47d92011c88c61857a1d4c2806f9b05d034075e4ea2dd9466232262b9a,2022-05-30,0x2686a8919df194aa7673244549e68d42c1685d03,Ecosystem,Ecosystem,0xf14f66748ff5d530c0235bf8ad017f9ae79a6b6a,gregskril.eth,Eco. Grants,-300.0,-3788.93,ENS,1
0x6481f86b496191ec98fcf2c4241ddba641f29a825ba2b4d1024f198480d919bd,2022-06-05,0x2686a8919df194aa7673244549e68d42c1685d03,Ecosystem,Ecosystem,0xddb53563586e2d5f9cde97b99b1062c4315785ec,SIWE,SIWE,-250000.0,-250202.69,USDC,1
0xc7ef4fbf4b8cf4ee7aa2b86e8831f32a02d1fc555a20e2ed3672d9e2b06f8ed5,2022-06-16,0x2686a8919df194aa7673244549e68d42c1685d03,Ecosystem,Ecosystem,0x1208a26faa0f4ac65b42098419eb4daa5e580ac6,stevegachau.eth,Eco. Grants,-150.0,-1200.04,ENS,1
0xc7ef4fbf4b8cf4ee7aa2b86e8831f32a02d1fc555a20e2ed3672d9e2b06f8ed5,2022-06-16,0x2686a8919df194aa7673244549e68d42c1685d03,Ecosystem,Ecosystem,0x1208a26faa0f4ac65b42098419eb4daa5e580ac6,stevegachau.eth,Eco. Grants,-1000.0,-1004.26,USDC,1
0x547ced72eb560313e66b51938a27c4393c706baa2fbfa100c6533ac119f9bd2b,2022-06-16,0x2686a8919df194aa7673244549e68d42c1685d03,Ecosystem,Ecosystem,0xb9a0fb254aea7bcec79c7bd8052dcd902a5388ff,slobo.eth,Salaries,-6000.0,-6025.59,USDC,1
0x547ced72eb560313e66b51938a27c4393c706baa2fbfa100c6533ac119f9bd2b,2022-06-16,0x2686a8919df194aa7673244549e68d42c1685d03,Ecosystem,Ecosystem,0x1213da60935679d412ef6fc512642e6f83988ec1,ginge.eth,Salaries,-2000.0,-2008.53,USDC,1
0x547ced72eb560313e66b51938a27c4393c706baa2fbfa100c6533ac119f9bd2b,2022-06-16,0x2686a8919df194aa7673244549e68d42c1685d03,Ecosystem,Ecosystem,0x521aacb43d89e1b8ffd64d9ef76b0a1074dedaf8,bobjiang.eth,Salaries,-2000.0,-2008.53,USDC,1
0xb7777c681835fe3261648d69085ee441b5fc324a95aeebd8d72ce4a23202f8f0,2022-06-16,0x2686a8919df194aa7673244549e68d42c1685d03,Ecosystem,Ecosystem,0x51050ec063d393217b436747617ad1c2285aeeee,raffy.eth,Eco. Grants,-100.0,-800.02,ENS,1
0xb7777c681835fe3261648d69085ee441b5fc324a95aeebd8d72ce4a23202f8f0,2022-06-16,0x2686a8919df194aa7673244549e68d42c1685d03,Ecosystem,Ecosystem,0x51050ec063d393217b436747617ad1c2285aeeee,raffy.eth,Eco. Grants,-1.0,-1067.1,ETH,1
0xd8a0754449941fc177f41946c7553c819eac0f0c2a6b3d312b57435e4a4d4a39,2022-07-02,0x2686a8919df194aa7673244549e68d42c1685d03,Ecosystem,Ecosystem,0x690f0581ececcf8389c223170778cd9d029606f2,ENS Labs,Hackathons,-5000.0,-5006.8,USDC,1
0x9bf05272c1debfd466109f0dc99f6aac323934ee04b92a8cffb8720ff8bbf0c1,2022-07-03,0x9718ba71dc1284842fce66dc3e34dffc6c630074,Community SG ,Community SG ,0x2686a8919df194aa7673244549e68d42c1685d03,Ecosystem,Ecosystem,0.05,53.64750000000001,ETH,1
0x9bf05272c1debfd466109f0dc99f6aac323934ee04b92a8cffb8720ff8bbf0c1,2022-07-03,0x9718ba71dc1284842fce66dc3e34dffc6c630074,Community SG ,Community SG ,0x2686a8919df194aa7673244549e68d42c1685d03,Ecosystem,Ecosystem,486.0,4332.47,ENS,1
0x9bf05272c1debfd466109f0dc99f6aac323934ee04b92a8cffb8720ff8bbf0c1,2022-07-03,0x9718ba71dc1284842fce66dc3e34dffc6c630074,Community SG ,Community SG ,0x2686a8919df194aa7673244549e68d42c1685d03,Ecosystem,Ecosystem,1083.0,1085.03,USDC,1
0xeca0a89b925bace80379b3b406ab21664262d3fb5536a3e4167c79668c097260,2022-08-14,0xfe89cc7abb2c4183683ab71653c4cdc9b02d44b7,DAO Wallet,DAO Wallet,0x2686a8919df194aa7673244549e68d42c1685d03,Ecosystem,Ecosystem,156.0,302019.12,ETH,1
0xeca0a89b925bace80379b3b406ab21664262d3fb5536a3e4167c79668c097260,2022-08-14,0xfe89cc7abb2c4183683ab71653c4cdc9b02d44b7,DAO Wallet,DAO Wallet,0x2686a8919df194aa7673244549e68d42c1685d03,Ecosystem,Ecosystem,42500.0,617138.01,ENS,1
0xeca0a89b925bace80379b3b406ab21664262d3fb5536a3e4167c79668c097260,2022-08-14,0xfe89cc7abb2c4183683ab71653c4cdc9b02d44b7,DAO Wallet,DAO Wallet,0x2686a8919df194aa7673244549e68d42c1685d03,Ecosystem,Ecosystem,1553000.0,1554200.36,USDC,1
0x2930846bf5fe2844d4a5d280ae54753a6265f2f75b576945fdd268fc863b43e9,2022-08-15,0x2686a8919df194aa7673244549e68d42c1685d03,Ecosystem,Ecosystem,0x9718ba71dc1284842fce66dc3e34dffc6c630074,Community SG,Community SG,-55000.0,-55026.31,USDC,1
0x2930846bf5fe2844d4a5d280ae54753a6265f2f75b576945fdd268fc863b43e9,2022-08-15,0x2686a8919df194aa7673244549e68d42c1685d03,Ecosystem,Ecosystem,0x9718ba71dc1284842fce66dc3e34dffc6c630074,Community SG,Community SG,-15.0,-28494.600000000002,ETH,1
0x2930846bf5fe2844d4a5d280ae54753a6265f2f75b576945fdd268fc863b43e9,2022-08-15,0x2686a8919df194aa7673244549e68d42c1685d03,Ecosystem,Ecosystem,0x9718ba71dc1284842fce66dc3e34dffc6c630074,Community SG,Community SG,-10000.0,-149998.63,ENS,1
0xb8d1a85fba5ae5d8e20288759d19dc364af2d5aa37f8ae2888c32257cec1ab87,2022-08-16,0x2686a8919df194aa7673244549e68d42c1685d03,Ecosystem,Ecosystem,0x69a79128462853833e22bba1a43bcdac4725761b,Support SG,Support,-9.0,-16894.440000000002,ETH,1
0x59c7f78fbc67b7e3092bfac62159321aaf3ddb77e2c03e56c3f1dce702c84928,2022-08-16,0x2686a8919df194aa7673244549e68d42c1685d03,Ecosystem,Ecosystem,0x0d06a817584ac378849f03df6f11a9ad67dd786d,Merch SG,Merch,-500.0,-7510.17,ENS,1
0x59c7f78fbc67b7e3092bfac62159321aaf3ddb77e2c03e56c3f1dce702c84928,2022-08-16,0x2686a8919df194aa7673244549e68d42c1685d03,Ecosystem,Ecosystem,0x0d06a817584ac378849f03df6f11a9ad67dd786d,Merch SG,Merch,-35000.0,-35039.79,USDC,1
0xb8d1a85fba5ae5d8e20288759d19dc364af2d5aa37f8ae2888c32257cec1ab87,2022-08-16,0x2686a8919df194aa7673244549e68d42c1685d03,Ecosystem,Ecosystem,0x69a79128462853833e22bba1a43bcdac4725761b,Support SG,Support,-120000.0,-120136.43,USDC,1
0xb8d1a85fba5ae5d8e20288759d19dc364af2d5aa37f8ae2888c32257cec1ab87,2022-08-16,0x2686a8919df194aa7673244549e68d42c1685d03,Ecosystem,Ecosystem,0x69a79128462853833e22bba1a43bcdac4725761b,Support SG,Support,-5000.0,-75101.7,ENS,1
0x10fcae0517aca0076c46c90022386178910bef0069acf03cb1606959551abb3b,2022-08-17,0x2686a8919df194aa7673244549e68d42c1685d03,Ecosystem,Ecosystem,0xb3a37c813d3d365a03dd1dd3e68cc11af019cdd6,Bug Bounty SG,Bug Bounty,-250000.0,-250059.71,USDC,1
0xba3f53fd1ef6beb18c7952c59fc507dc0e6685ce9a30e7a4af264a61a86ba036,2022-08-17,0x2686a8919df194aa7673244549e68d42c1685d03,Ecosystem,Ecosystem,0x536013c57daf01d78e8a70cad1b1abada9411819,IRL SG,IRL,-1000.0,-15768.84,ENS,1
0x8b1db79238093b9808236550c3dd7c20f482e519399cc4b9c9bef4dc7a421448,2022-08-17,0x2686a8919df194aa7673244549e68d42c1685d03,Ecosystem,Ecosystem,0xe8929029ea54113da91cdb8c9c1ba297cf803838,Translators SG,Translators,-2.0,-3668.08,ETH,1
0x8b1db79238093b9808236550c3dd7c20f482e519399cc4b9c9bef4dc7a421448,2022-08-17,0x2686a8919df194aa7673244549e68d42c1685d03,Ecosystem,Ecosystem,0xe8929029ea54113da91cdb8c9c1ba297cf803838,Translators SG,Translators,-15000.0,-15003.58,USDC,1
0x8b1db79238093b9808236550c3dd7c20f482e519399cc4b9c9bef4dc7a421448,2022-08-17,0x2686a8919df194aa7673244549e68d42c1685d03,Ecosystem,Ecosystem,0xe8929029ea54113da91cdb8c9c1ba297cf803838,Translators SG,Translators,-1000.0,-15768.84,ENS,1
0xba3f53fd1ef6beb18c7952c59fc507dc0e6685ce9a30e7a4af264a61a86ba036,2022-08-17,0x2686a8919df194aa7673244549e68d42c1685d03,Ecosystem,Ecosystem,0x536013c57daf01d78e8a70cad1b1abada9411819,IRL SG,IRL,-50000.0,-50011.94,USDC,1
0x6961d431f87fb4bcee0dbaf39efea69c21eb60b9f2a94d5cbfd6bfcc3f15ecec,2022-08-23,0x2686a8919df194aa7673244549e68d42c1685d03,Ecosystem,Ecosystem,0x6a016548310076285668e2378df70bd545396b5a,Builders SG,Builders,-20.0,-33295.2,ETH,1
0x4d54b17ebfff8b077dfd914fbce6d4da1fa15ac3b3dc639854535ff226fb84f0,2022-08-23,0x2686a8919df194aa7673244549e68d42c1685d03,Ecosystem,Ecosystem,0x9b9c249be04dd433c7e8fbbf5e61e6741b89966d,Hackathons SG ,Hackathons,-10.0,-16647.6,ETH,1
0xd1809319fa2aadb6884d723f80b8be6763ea9345834c086ea7cc41e3e240b317,2022-08-23,0x2686a8919df194aa7673244549e68d42c1685d03,Ecosystem,Ecosystem,0x593a50cf05359bc88474d86b06ec6e1c1a2a899f,Websites SG,Websites,-5.0,-8323.8,ETH,1
0xd1809319fa2aadb6884d723f80b8be6763ea9345834c086ea7cc41e3e240b317,2022-08-23,0x2686a8919df194aa7673244549e68d42c1685d03,Ecosystem,Ecosystem,0x593a50cf05359bc88474d86b06ec6e1c1a2a899f,Websites SG,Websites,-500.0,-6814.87,ENS,1
0x4d54b17ebfff8b077dfd914fbce6d4da1fa15ac3b3dc639854535ff226fb84f0,2022-08-23,0x2686a8919df194aa7673244549e68d42c1685d03,Ecosystem,Ecosystem,0x9b9c249be04dd433c7e8fbbf5e61e6741b89966d,Hackathons SG ,Hackathons,-190000.0,-189963.64,USDC,1
0x4b08bda8cbb381e363f4861b6ad4771af95670b90f7f3a131782c7191ae48797,2022-08-23,0x2686a8919df194aa7673244549e68d42c1685d03,Ecosystem,Ecosystem,0x5d609c79c7e19aa334d77517b3b17a3dac6f54bc,Docs SG,Docs,-25000.0,-24995.22,USDC,1
0xd1809319fa2aadb6884d723f80b8be6763ea9345834c086ea7cc41e3e240b317,2022-08-23,0x2686a8919df194aa7673244549e68d42c1685d03,Ecosystem,Ecosystem,0x593a50cf05359bc88474d86b06ec6e1c1a2a899f,Websites SG,Websites,-25000.0,-24995.22,USDC,1
0x6961d431f87fb4bcee0dbaf39efea69c21eb60b9f2a94d5cbfd6bfcc3f15ecec,2022-08-23,0x2686a8919df194aa7673244549e68d42c1685d03,Ecosystem,Ecosystem,0x6a016548310076285668e2378df70bd545396b5a,Builders SG,Builders,-2000.0,-27259.46,ENS,1
0x6961d431f87fb4bcee0dbaf39efea69c21eb60b9f2a94d5cbfd6bfcc3f15ecec,2022-08-23,0x2686a8919df194aa7673244549e68d42c1685d03,Ecosystem,Ecosystem,0x6a016548310076285668e2378df70bd545396b5a,Builders SG,Builders,-50000.0,-49990.43,USDC,1
0x829b1655e1a5b2c338d983dc9dd6535f6c33fc0f9c7a563a0a1505458d7be448,2022-08-23,0x2686a8919df194aa7673244549e68d42c1685d03,Ecosystem,Ecosystem,0xba0c461b22d918fb1f52fef556310230d177d1f2,Gitcoin Grants SG,Gitcoin Grants,-138000.0,-137973.59,USDC,1
0x4d54b17ebfff8b077dfd914fbce6d4da1fa15ac3b3dc639854535ff226fb84f0,2022-08-23,0x2686a8919df194aa7673244549e68d42c1685d03,Ecosystem,Ecosystem,0x9b9c249be04dd433c7e8fbbf5e61e6741b89966d,Hackathons SG ,Hackathons,-1500.0,-20444.6,ENS,1
0x9f67cb4d8f22af403498ab057c4f86f85c27c3da840b6f645af30d068f3cc6ea,2022-08-24,0x2686a8919df194aa7673244549e68d42c1685d03,Ecosystem,Ecosystem,0x8e900cf9bd655e34bb610f0ef365d8d476fd7337,Nimi,Eco. Grants,-100.0,-1384.27,ENS,1
0xa7675915b1943fb465c7a5122cb23e3eca487a9cb04e3244aaf532969c0a451e,2022-08-26,0x2686a8919df194aa7673244549e68d42c1685d03,Ecosystem,Ecosystem,0xc4438a52513e198928a6d57886fb9296b68a7b06,Nimi,Eco. Grants,-100.0,-1241.6,ENS,1
0xa7675915b1943fb465c7a5122cb23e3eca487a9cb04e3244aaf532969c0a451e,2022-08-26,0x2686a8919df194aa7673244549e68d42c1685d03,Ecosystem,Ecosystem,0xc4438a52513e198928a6d57886fb9296b68a7b06,Nimi,Eco. Grants,-8000.0,-8020.06,USDC,1
0x306ec88c1c1df3221e212163d6707f929521d99fa6f88cac80e6d8d81a910397,2022-09-09,0x2686a8919df194aa7673244549e68d42c1685d03,Ecosystem,Ecosystem,0xcd18eaa163733da39c232722cbc4e8940b1d8888,gregskril.eth,Fellowship,-49990.3488,-50030.09,USDC,1
0x44e1715ccabafe202857686bd24bca9ebb7fde6ccee824e4bffa2d2e46610b3f,2022-09-09,0x2686a8919df194aa7673244549e68d42c1685d03,Ecosystem,Ecosystem,0xb352bb4e2a4f27683435f153a259f1b207218b1b,ETHLimo,ETHLimo,-60000.0,-60047.7,USDC,1
0x44e1715ccabafe202857686bd24bca9ebb7fde6ccee824e4bffa2d2e46610b3f,2022-09-09,0x2686a8919df194aa7673244549e68d42c1685d03,Ecosystem,Ecosystem,0xb352bb4e2a4f27683435f153a259f1b207218b1b,ETHLimo,ETHLimo,-10.0,-17193.5,ETH,1
0x44e1715ccabafe202857686bd24bca9ebb7fde6ccee824e4bffa2d2e46610b3f,2022-09-09,0x2686a8919df194aa7673244549e68d42c1685d03,Ecosystem,Ecosystem,0xb352bb4e2a4f27683435f153a259f1b207218b1b,ETHLimo,ETHLimo,-3000.0,-46174.12,ENS,1
0xf40e1c129ab1d20576a4a6776b16624e0a7d08d492b2433a214127e45584121d,2022-09-29,0x9718ba71dc1284842fce66dc3e34dffc6c630074,Community SG ,Community SG ,0x2686a8919df194aa7673244549e68d42c1685d03,Ecosystem,Ecosystem,10000.0,157405.37,ENS,1
0x3cbf93527e747c04755893e1f4dec4cc175ab01ec487214827b7bfcd5916f9bc,2022-09-29,0x2686a8919df194aa7673244549e68d42c1685d03,Ecosystem,Ecosystem,0x1208a26faa0f4ac65b42098419eb4daa5e580ac6,stevegachau.eth,Eco. Grants,-8000.0,-8012.8,USDC,1
0x37e5da9b27cb589bac3d4d4670687bf1a9f39a6bed59760bab354843b7b379d9,2022-09-29,0x2686a8919df194aa7673244549e68d42c1685d03,Ecosystem,Ecosystem,0x082fc1776d44f69988c475958a0505a5bc2cd77b,ESF,Eco. Grants,-20000.0,-20032.0,USDC,1
0x37e5da9b27cb589bac3d4d4670687bf1a9f39a6bed59760bab354843b7b379d9,2022-09-29,0x2686a8919df194aa7673244549e68d42c1685d03,Ecosystem,Ecosystem,0x082fc1776d44f69988c475958a0505a5bc2cd77b,ESF,Eco. Grants,-250.0,-3935.13,ENS,1
0x30c4cb2817f1fc5010840493cc114efc969a51c20f2ce1a7ca91efe3d20eea8e,2022-10-03,0x2686a8919df194aa7673244549e68d42c1685d03,Ecosystem,Ecosystem,0x682552053c1b6905f3115a8877fb8279145ba4b8,mattwright.eth,Eco. Small Grants,-0.5,-661.66,ETH,1
0xe34a75e03f0138e79b140264c635af01a7f9b5a3d9f15f7ace15b656a28b3f14,2022-10-05,0x2686a8919df194aa7673244549e68d42c1685d03,Ecosystem,Ecosystem,0x1208a26faa0f4ac65b42098419eb4daa5e580ac6,stevegachau.eth,Eco. Small Grants,-1.0,-1352.44,ETH,1
0xe34a75e03f0138e79b140264c635af01a7f9b5a3d9f15f7ace15b656a28b3f14,2022-10-05,0x2686a8919df194aa7673244549e68d42c1685d03,Ecosystem,Ecosystem,0xbdc84e4692a7f3efbb210aa3b8defaabb5dd9402,publicburn.eth,Eco. Small Grants,-1.0,-1352.44,ETH,1
0xe34a75e03f0138e79b140264c635af01a7f9b5a3d9f15f7ace15b656a28b3f14,2022-10-05,0x2686a8919df194aa7673244549e68d42c1685d03,Ecosystem,Ecosystem,0x1208a26faa0f4ac65b42098419eb4daa5e580ac6,stevegachau.eth,Eco. Small Grants,-1.0,-1352.44,ETH,1
0xe34a75e03f0138e79b140264c635af01a7f9b5a3d9f15f7ace15b656a28b3f14,2022-10-05,0x2686a8919df194aa7673244549e68d42c1685d03,Ecosystem,Ecosystem,0x4a903f36037da9dc1e1992bc7b8d511170000b07,carletex.eth,Eco. Small Grants,-1.0,-1352.44,ETH,1
0xe34a75e03f0138e79b140264c635af01a7f9b5a3d9f15f7ace15b656a28b3f14,2022-10-05,0x2686a8919df194aa7673244549e68d42c1685d03,Ecosystem,Ecosystem,0x179a862703a4adfb29896552df9e307980d19285,gregskril.eth,Eco. Small Grants,-1.0,-1352.44,ETH,1
0xe66cc3a2b0ea50df81050a914b5d271f751b7faa39ddacf1364885872e39639d,2022-10-13,0x2686a8919df194aa7673244549e68d42c1685d03,Ecosystem,Ecosystem,0xf540fdfa0a08303c918ad383251ce8c48c42c39a,ENS Fairy,Eco. Small Grants,-1.0,-1287.51,ETH,1
0x1094765880e05845480260897e96522114fa6478c6f0b2feed500d676abcf27a,2022-10-16,0x2686a8919df194aa7673244549e68d42c1685d03,Ecosystem,Ecosystem,0x179a862703a4adfb29896552df9e307980d19285,gregskril.eth,Eco. Small Grants,-0.45,-587.6415,ETH,1
0x1094765880e05845480260897e96522114fa6478c6f0b2feed500d676abcf27a,2022-10-16,0x2686a8919df194aa7673244549e68d42c1685d03,Ecosystem,Ecosystem,0x82eb45562f991329ed2867f43fc60f0ba52c3dab,validator.eth,Eco. Small Grants,-0.0785,-102.51079499999999,ETH,1
0xa5f8ef29981ea48ec031f9aad93483c689420e83d9d606e161e2c1fc970f51b1,2022-11-07,0x2686a8919df194aa7673244549e68d42c1685d03,Ecosystem,Ecosystem,0x179a862703a4adfb29896552df9e307980d19285,gregskril.eth,Eco. Small Grants,-1.0,-1568.45,ETH,1
0xa5f8ef29981ea48ec031f9aad93483c689420e83d9d606e161e2c1fc970f51b1,2022-11-07,0x2686a8919df194aa7673244549e68d42c1685d03,Ecosystem,Ecosystem,0xe126b3e5d052f1f575828f61feba4f4f2603652a,Revoke.Cash,Eco. Small Grants,-1.0,-1568.45,ETH,1
0xa5f8ef29981ea48ec031f9aad93483c689420e83d9d606e161e2c1fc970f51b1,2022-11-07,0x2686a8919df194aa7673244549e68d42c1685d03,Ecosystem,Ecosystem,0xc9c022fcfebe730710ae93ca9247c5ec9d9236d0,frolic.eth,Eco. Small Grants,-1.0,-1568.45,ETH,1
0xa5f8ef29981ea48ec031f9aad93483c689420e83d9d606e161e2c1fc970f51b1,2022-11-07,0x2686a8919df194aa7673244549e68d42c1685d03,Ecosystem,Ecosystem,0x627f84bb4bba3333f253f09fe22a445f195bcf34,KarmaHQ,Eco. Small Grants,-1.0,-1568.45,ETH,1
0xa5f8ef29981ea48ec031f9aad93483c689420e83d9d606e161e2c1fc970f51b1,2022-11-07,0x2686a8919df194aa7673244549e68d42c1685d03,Ecosystem,Ecosystem,0x07590a393c67670463b80768feed264832541d51,cookbookdev.eth,Eco. Small Grants,-1.0,-1568.45,ETH,1
0xa5f8ef29981ea48ec031f9aad93483c689420e83d9d606e161e2c1fc970f51b1,2022-11-07,0x2686a8919df194aa7673244549e68d42c1685d03,Ecosystem,Ecosystem,0x6dd6934452eb4e6d87b9c874ae0ef83ec3bd5803,feems.eth,Eco. Small Grants,-1.0,-1568.45,ETH,1
0xa5f8ef29981ea48ec031f9aad93483c689420e83d9d606e161e2c1fc970f51b1,2022-11-07,0x2686a8919df194aa7673244549e68d42c1685d03,Ecosystem,Ecosystem,0x1b46f75ac63bc57dfe82a374bdcdbfb08d125792,busayo.eth,Eco. Small Grants,-1.0,-1568.45,ETH,1
0xa5f8ef29981ea48ec031f9aad93483c689420e83d9d606e161e2c1fc970f51b1,2022-11-07,0x2686a8919df194aa7673244549e68d42c1685d03,Ecosystem,Ecosystem,0x60583563d5879c2e59973e5718c7de2147971807,carletex.eth,Eco. Small Grants,-1.0,-1568.45,ETH,1
0xa5f8ef29981ea48ec031f9aad93483c689420e83d9d606e161e2c1fc970f51b1,2022-11-07,0x2686a8919df194aa7673244549e68d42c1685d03,Ecosystem,Ecosystem,0x63a556c75443b176b5a4078e929e38beb37a1ff2,apoorv.eth,Eco. Small Grants,-1.0,-1568.45,ETH,1
0xa5f8ef29981ea48ec031f9aad93483c689420e83d9d606e161e2c1fc970f51b1,2022-11-07,0x2686a8919df194aa7673244549e68d42c1685d03,Ecosystem,Ecosystem,0x87c02352ad720889e5b5fbb541ff162da6690019,0xsef.eth,Eco. Small Grants,-1.0,-1568.45,ETH,1
0x58601fa2beff8e634f05c347f1b3eae8bb6389e117063b918185f0d83ac09ca3,2022-11-09,0x2686a8919df194aa7673244549e68d42c1685d03,Ecosystem,Ecosystem,0x21532d4267648191bef7a33c813c43cf90a6fa78,unvetica.eth,Eco. Small Grants,-1.0,-1104.17,ETH,1
0xa3acda7e3800481d9aeaf1f18dfb35d069606462d9e6eabd43f8e55aadeae678,2022-11-09,0x2686a8919df194aa7673244549e68d42c1685d03,Ecosystem,Ecosystem,0x035032655b5b3784d359b56eb82c803bd971c582,logicbeach.eth,Eco. Small Grants,-1.0,-1104.17,ETH,1
0x2e21076adb62acead1a25436c1696347fc65fe0ead4985277c256af9a0b29cca,2022-11-09,0x2686a8919df194aa7673244549e68d42c1685d03,Ecosystem,Ecosystem,0xe52c39327ff7576baec3dbfef0787bd62db6d726,5pence.eth,$ENS Distibution,-500.0,-5207.88,ENS,1
0x1e5661870c19a8dcd6cce99033aba6326d9d1ffc44a38629a99db826b59503c0,2022-12-03,0x2686a8919df194aa7673244549e68d42c1685d03,Ecosystem,Ecosystem,0x179a862703a4adfb29896552df9e307980d19285,gregskril.eth,Eco. Small Grants,-1.0,-1241.13,ETH,1
0x1e5661870c19a8dcd6cce99033aba6326d9d1ffc44a38629a99db826b59503c0,2022-12-03,0x2686a8919df194aa7673244549e68d42c1685d03,Ecosystem,Ecosystem,0x11ee133a1408fe2d7c62296d7eb33f234b774503,dm3.eth,Eco. Small Grants,-1.0,-1241.13,ETH,1
0x1e5661870c19a8dcd6cce99033aba6326d9d1ffc44a38629a99db826b59503c0,2022-12-03,0x2686a8919df194aa7673244549e68d42c1685d03,Ecosystem,Ecosystem,0xb305acb336af101039c2a63bd3e6de05d72303a0,hellenstans.eth,Eco. Small Grants,-1.0,-1241.13,ETH,1
0x1e5661870c19a8dcd6cce99033aba6326d9d1ffc44a38629a99db826b59503c0,2022-12-03,0x2686a8919df194aa7673244549e68d42c1685d03,Ecosystem,Ecosystem,0xd07f6d1547a7a82a654ebc1f77091370906474d0,supplanter.eth,Eco. Small Grants,-1.0,-1241.13,ETH,1
0x1e5661870c19a8dcd6cce99033aba6326d9d1ffc44a38629a99db826b59503c0,2022-12-03,0x2686a8919df194aa7673244549e68d42c1685d03,Ecosystem,Ecosystem,0xd9f8bf1f266e50bb4de528007f28c14bb7edaff7,julieshi.eth,Eco. Small Grants,-1.0,-1241.13,ETH,1
0x3888a3ef1e53a59f422f8d4df92d6555644a4721301eb04354c89d5350f151f1,2022-12-17,0x2686a8919df194aa7673244549e68d42c1685d03,Ecosystem,Ecosystem,0xa74fc66e75f883ee8e60e287335436ca8e6a303c,superteamdao.eth,Eco. Small Grants,-5.0,-5935.549999999999,ETH,1
0x36c3cd09598b04cb1c181e9d97a4a9420f59f5121380ffbe70a9af5c5f7af162,2022-12-19,0x2686a8919df194aa7673244549e68d42c1685d03,Ecosystem,Ecosystem,0xbd8ab85ab37e2fde983dffbb1feaad780eafddd6,Unexplicible,Discretionary,-1.5,-1751.52,ETH,1
0x792449cc1b06665f2c1b17b44f4bb4d4480b924c34d6ec3124bfa300df130f50,2022-12-19,0x2686a8919df194aa7673244549e68d42c1685d03,Ecosystem,Ecosystem,0x8e900cf9bd655e34bb610f0ef365d8d476fd7337,Nimi,Eco. Grants,-6965.86725,-6965.86725,USDC,1
0xf3c47322187926e596e78373e7450a1a15ebd7a39d59be4d2531c298bd7e2551,2022-12-20,0x2686a8919df194aa7673244549e68d42c1685d03,Ecosystem,Ecosystem,0x88289ac519efb1cba5f522970e63264a969bed06,Planetable,Eco. Grants,-10000.0,-10000.0,USDC,1
0x93a64100e22cb526b6a6369280ad068b8f9580cf7d7d47e0b2f7694b4244de9b,2022-12-23,0x2686a8919df194aa7673244549e68d42c1685d03,Ecosystem,Ecosystem,0x237dee529a47750becdfa8a59a1d766e3e7b5f91,Nethermind,Eco. Grants,-20000.0,-20000.0,USDC,1
0xdf47d7f9a697e5eda1125c7e45853dfdb2e985226fae8db86fa621e42632df5a,2022-12-23,0x652e6bd691c6b07a2efb22ad04924664f07c9b9d,ETHGlobal,Hackathons,0x2686a8919df194aa7673244549e68d42c1685d03,Ecosystem,Ecosystem,2000.0,2000.0,USDC,1
0xa846e5c69f935cb94e32667f33235fff1daf641a8f94c4881407d233501f961b,2022-12-23,0x2686a8919df194aa7673244549e68d42c1685d03,Ecosystem,Ecosystem,0x652e6bd691c6b07a2efb22ad04924664f07c9b9d,ETHGlobal,Hackathons,-25000.0,-25000.0,USDC,1
0xcdb37683ee78536c1cbc9e190dfa5805ce408e4fa1182235b400fd54f2b36ed9,2023-01-13,0x2686a8919df194aa7673244549e68d42c1685d03,Ecosystem,Ecosystem,0x9b9c249be04dd433c7e8fbbf5e61e6741b89966d,Hackathons SG ,Hackathons,-20000.0,-20000.0,USDC,1
0xc4e265c8a2560ce58561977c2f8b60ce12f12ab69a9cc1ca4ebbe3077d712b83,2023-01-28,0x2686a8919df194aa7673244549e68d42c1685d03,Ecosystem,Ecosystem,0x9b9c249be04dd433c7e8fbbf5e61e6741b89966d,Hackathons SG ,Hackathons,-90000.0,-90000.0,USDC,1
0xdc020879d15af425a2eeedf7d8f40912ffe1095819894b17bc1c9501c0d1930e,2023-01-31,0xe8929029ea54113da91cdb8c9c1ba297cf803838,Translators SG,Translators SG,0x2686a8919df194aa7673244549e68d42c1685d03,Ecosystem,Ecosystem,2.0,3170.94,ETH,1
0xdc020879d15af425a2eeedf7d8f40912ffe1095819894b17bc1c9501c0d1930e,2023-01-31,0xe8929029ea54113da91cdb8c9c1ba297cf803838,Translators SG,Translators SG,0x2686a8919df194aa7673244549e68d42c1685d03,Ecosystem,Ecosystem,1000.0,15939.89,ENS,1
0xdc020879d15af425a2eeedf7d8f40912ffe1095819894b17bc1c9501c0d1930e,2023-01-31,0xe8929029ea54113da91cdb8c9c1ba297cf803838,Translators SG,Translators SG,0x2686a8919df194aa7673244549e68d42c1685d03,Ecosystem,Ecosystem,5039.561664,5039.561664,USDC,1
0x1c59f0b0a7e14f4422afe3aaeed210da036c15c1570a0a1549019f4b62aa983e,2023-02-01,0x9718ba71dc1284842fce66dc3e34dffc6c630074,Community SG,Community SG,0x2686a8919df194aa7673244549e68d42c1685d03,Ecosystem,Ecosystem,15.001877,24627.231301969998,ETH,1
0xc5ba84ecb008d20e99b2d240aab796a1f7ec0afd798eb071b1fe6170f1dcc8ff,2023-02-01,0x593a50cf05359bc88474d86b06ec6e1c1a2a899f,Websites SG,Websites SG,0x2686a8919df194aa7673244549e68d42c1685d03,Ecosystem,Ecosystem,5.0,8208.05,ETH,1
0xc5ba84ecb008d20e99b2d240aab796a1f7ec0afd798eb071b1fe6170f1dcc8ff,2023-02-01,0x593a50cf05359bc88474d86b06ec6e1c1a2a899f,Websites SG,Websites SG,0x2686a8919df194aa7673244549e68d42c1685d03,Ecosystem,Ecosystem,2000.0,2000.0,USDC,1
0xc5ba84ecb008d20e99b2d240aab796a1f7ec0afd798eb071b1fe6170f1dcc8ff,2023-02-01,0x593a50cf05359bc88474d86b06ec6e1c1a2a899f,Websites SG,Websites SG,0x2686a8919df194aa7673244549e68d42c1685d03,Ecosystem,Ecosystem,500.0,8150.2,ENS,1
0x1c59f0b0a7e14f4422afe3aaeed210da036c15c1570a0a1549019f4b62aa983e,2023-02-01,0x9718ba71dc1284842fce66dc3e34dffc6c630074,Community SG,Community SG,0x2686a8919df194aa7673244549e68d42c1685d03,Ecosystem,Ecosystem,48373.111819,48373.111819,USDC,1
0xb414513692bfbef26d522e211d0954ee802653d94af8f27b2af211231f6d203b,2023-02-03,0x5d609c79c7e19aa334d77517b3b17a3dac6f54bc,Docs SG,Docs SG,0x2686a8919df194aa7673244549e68d42c1685d03,Ecosystem,Ecosystem,26000.0,26000.0,USDC,1
0xd8feed2155cc6285d1bf5a89836d8980e613268d583715f5fc5b3ae8c031c4d7,2023-02-09,0xfe89cc7abb2c4183683ab71653c4cdc9b02d44b7,DAO Wallet,DAO Wallet,0x2686a8919df194aa7673244549e68d42c1685d03,Ecosystem,Ecosystem,254.0,392628.12,ETH,1
0xd8feed2155cc6285d1bf5a89836d8980e613268d583715f5fc5b3ae8c031c4d7,2023-02-09,0xfe89cc7abb2c4183683ab71653c4cdc9b02d44b7,DAO Wallet,DAO Wallet,0x2686a8919df194aa7673244549e68d42c1685d03,Ecosystem,Ecosystem,935000.0,935000.0,USDC,1
0x6ffad341446d249ca87e25290f8572e4ea53b6ce5499ea3f89171ab4c8f4b1c4,2023-02-17,0x9b9c249be04dd433c7e8fbbf5e61e6741b89966d,Hackathons SG,Hackathons SG,0x2686a8919df194aa7673244549e68d42c1685d03,Ecosystem,Ecosystem,1500.0,23114.37,ENS,1
0xded64839aed83985995aa1f89f001c39b0ecb1bed07353f63e2b7f8e49f8b975,2023-02-18,0x2686a8919df194aa7673244549e68d42c1685d03,Ecosystem,Ecosystem,0x536013c57daf01d78e8a70cad1b1abada9411819,IRL SG,IRL,-54999.0602,-54999.0602,USDC,1
0xded64839aed83985995aa1f89f001c39b0ecb1bed07353f63e2b7f8e49f8b975,2023-02-18,0x2686a8919df194aa7673244549e68d42c1685d03,Ecosystem,Ecosystem,0x69a79128462853833e22bba1a43bcdac4725761b,Support SG,Support,-11.42508,-19331.0068584,ETH,1
0xded64839aed83985995aa1f89f001c39b0ecb1bed07353f63e2b7f8e49f8b975,2023-02-18,0x2686a8919df194aa7673244549e68d42c1685d03,Ecosystem,Ecosystem,0x69a79128462853833e22bba1a43bcdac4725761b,Support SG,Support,-118349.357,-118349.357,USDC,1
0xded64839aed83985995aa1f89f001c39b0ecb1bed07353f63e2b7f8e49f8b975,2023-02-18,0x2686a8919df194aa7673244549e68d42c1685d03,Ecosystem,Ecosystem,0x9b9c249be04dd433c7e8fbbf5e61e6741b89966d,Hackathons SG ,Hackathons,-10.0,-16919.8,ETH,1
0xded64839aed83985995aa1f89f001c39b0ecb1bed07353f63e2b7f8e49f8b975,2023-02-18,0x2686a8919df194aa7673244549e68d42c1685d03,Ecosystem,Ecosystem,0x9b9c249be04dd433c7e8fbbf5e61e6741b89966d,Hackathons SG ,Hackathons,-119250.0,-119250.0,USDC,1
0xded64839aed83985995aa1f89f001c39b0ecb1bed07353f63e2b7f8e49f8b975,2023-02-18,0x2686a8919df194aa7673244549e68d42c1685d03,Ecosystem,Ecosystem,0x6a016548310076285668e2378df70bd545396b5a,Builders SG,Builders,-245994.612,-245994.612,USDC,1
0xded64839aed83985995aa1f89f001c39b0ecb1bed07353f63e2b7f8e49f8b975,2023-02-18,0x2686a8919df194aa7673244549e68d42c1685d03,Ecosystem,Ecosystem,0xba0c461b22d918fb1f52fef556310230d177d1f2,Gitcoin Grants SG,Gitcoin Grants,-152000.0,-152000.0,USDC,1
0xded64839aed83985995aa1f89f001c39b0ecb1bed07353f63e2b7f8e49f8b975,2023-02-18,0x2686a8919df194aa7673244549e68d42c1685d03,Ecosystem,Ecosystem,0x0d06a817584ac378849f03df6f11a9ad67dd786d,Merch SG,Merch,-40971.3781,-40971.3781,USDC,1
0xded64839aed83985995aa1f89f001c39b0ecb1bed07353f63e2b7f8e49f8b975,2023-02-18,0x2686a8919df194aa7673244549e68d42c1685d03,Ecosystem,Ecosystem,0xba0c461b22d918fb1f52fef556310230d177d1f2,Gitcoin Grants SG,Gitcoin Grants,-30.0,-50759.4,ETH,1
0xded64839aed83985995aa1f89f001c39b0ecb1bed07353f63e2b7f8e49f8b975,2023-02-18,0x2686a8919df194aa7673244549e68d42c1685d03,Ecosystem,Ecosystem,0x6a016548310076285668e2378df70bd545396b5a,Builders SG,Builders,-27.0,-45683.46,ETH,1
0xded64839aed83985995aa1f89f001c39b0ecb1bed07353f63e2b7f8e49f8b975,2023-02-18,0x2686a8919df194aa7673244549e68d42c1685d03,Ecosystem,Ecosystem,0x536013c57daf01d78e8a70cad1b1abada9411819,IRL SG,IRL,-10.0,-16919.8,ETH,1
0xded64839aed83985995aa1f89f001c39b0ecb1bed07353f63e2b7f8e49f8b975,2023-02-18,0x2686a8919df194aa7673244549e68d42c1685d03,Ecosystem,Ecosystem,0x0d06a817584ac378849f03df6f11a9ad67dd786d,Merch SG,Merch,-5.0,-8459.9,ETH,1
0x77b2f34f3cc01e7b57618baad149a55dd9487490a8eb42876d86226e6ef4f4c2,2023-02-27,0x2686a8919df194aa7673244549e68d42c1685d03,Ecosystem,Ecosystem,0xf540fdfa0a08303c918ad383251ce8c48c42c39a,ENS Fairy,ENS Fairy,-1.0,-1633.45,ETH,1
0xba1aea197874528834be02a4f5b95e2c5c0c204b8bb62a1cac6ed252cda07cc6,2023-03-16,0x2686a8919df194aa7673244549e68d42c1685d03,Ecosystem,Ecosystem,0xb352bb4e2a4f27683435f153a259f1b207218b1b,ETHLimo,Eco. Grants,-85000.0,-85000.0,USDC,1
0xba1aea197874528834be02a4f5b95e2c5c0c204b8bb62a1cac6ed252cda07cc6,2023-03-16,0x2686a8919df194aa7673244549e68d42c1685d03,Ecosystem,Ecosystem,0xb352bb4e2a4f27683435f153a259f1b207218b1b,ETHLimo,Eco. Grants,-10.0,-16770.0,ETH,1
0xd6303a87161c49d10986e0f4ca3342fcf2a64ea71e011ecf0cad184aa7b03867,2023-03-31,0x2686a8919df194aa7673244549e68d42c1685d03,Ecosystem,Ecosystem,0xd9f8bf1f266e50bb4de528007f28c14bb7edaff7,julieshi.eth,Fellowship,-5000.0,-5000.0,USDC,1
0xf048138364ba1d2e2be0301eb986503579222687d75f0107a5dd87fdd523491f,2023-04-06,0x2686a8919df194aa7673244549e68d42c1685d03,Ecosystem,Ecosystem,0x671028a812ab5f2feeb8982ac23b20708517c1ff,enspunks.eth,Eco. Small Grants,-1.0,-1873.09,ETH,1
0xf048138364ba1d2e2be0301eb986503579222687d75f0107a5dd87fdd523491f,2023-04-06,0x2686a8919df194aa7673244549e68d42c1685d03,Ecosystem,Ecosystem,0x897f69ed59fd75098c060ce94e5e2b5dde976820,r1der.eth,Eco. Small Grants,-0.375,-702.4087499999999,ETH,1
0xf048138364ba1d2e2be0301eb986503579222687d75f0107a5dd87fdd523491f,2023-04-06,0x2686a8919df194aa7673244549e68d42c1685d03,Ecosystem,Ecosystem,0xeade710befea2c53a9cd6d202b82793b02bbb1c5,drooboid.eth,Eco. Small Grants,-1.375,-2575.4987499999997,ETH,1
0xf048138364ba1d2e2be0301eb986503579222687d75f0107a5dd87fdd523491f,2023-04-06,0x2686a8919df194aa7673244549e68d42c1685d03,Ecosystem,Ecosystem,0xb7ead405d0e8db1e315a609b4da10db0d3a2c550,ENS Podcast,Eco. Small Grants,-1.0,-1873.09,ETH,1
0xf048138364ba1d2e2be0301eb986503579222687d75f0107a5dd87fdd523491f,2023-04-06,0x2686a8919df194aa7673244549e68d42c1685d03,Ecosystem,Ecosystem,0xe76d6f8747a0e41c92567fa634335f97eb1597f4,galacticwhorls.eth,Eco. Small Grants,-3.875,-7258.22375,ETH,1
0xf048138364ba1d2e2be0301eb986503579222687d75f0107a5dd87fdd523491f,2023-04-06,0x2686a8919df194aa7673244549e68d42c1685d03,Ecosystem,Ecosystem,0xcfbfa40a9e0975eaca7fddb00de6a76f65e7a4ee,ji-nu.eth,Eco. Small Grants,-1.0,-1873.09,ETH,1
0xf048138364ba1d2e2be0301eb986503579222687d75f0107a5dd87fdd523491f,2023-04-06,0x2686a8919df194aa7673244549e68d42c1685d03,Ecosystem,Ecosystem,0x9641297298c883b57b4dd2cfe07a37c80c858292,criticals.eth,Eco. Small Grants,-1.0,-1873.09,ETH,1
0xf048138364ba1d2e2be0301eb986503579222687d75f0107a5dd87fdd523491f,2023-04-06,0x2686a8919df194aa7673244549e68d42c1685d03,Ecosystem,Ecosystem,0xf01dd015bc442d872275a79b9cae84a6ff9b2a27,chomtana.eth,Eco. Small Grants,-0.375,-702.4087499999999,ETH,1
0xaa005e1ccbb64b91b9e1e3fb824e45aeaf4460e34df9592ff96c67638f005108,2023-04-07,0x2686a8919df194aa7673244549e68d42c1685d03,Ecosystem,Ecosystem,0x237dee529a47750becdfa8a59a1d766e3e7b5f91,Nethermind,Eco. Grants,-20000.0,-20000.0,USDC,1
0xed379134ae45f309897c3ea837062913b5e4d1755efdfa294439aa09459ba683,2023-04-14,0x2686a8919df194aa7673244549e68d42c1685d03,Ecosystem,Ecosystem,0x481f50a5bdccc0bc4322c4dca04301433ded50f0,ENS Fairy,ENS Fairy,-4.0,-8406.44,ETH,1
0xac443c741bcd7a9ebb02e52d47cafffb0d2228e9444779c5bc44be3755654e66,2023-04-28,0x2686a8919df194aa7673244549e68d42c1685d03,Ecosystem,Ecosystem,0x328ebc7bb2ca4bf4216863042a960e3c64ed4c10,lcfr.eth,Eco. Grants,-25000.0,-25000.0,USDC,1
0x2af89bd3a7ba2c658e3f6da4c7fe57f8408abd9e485b72028e401e6d290b8503,2023-04-30,0x2686a8919df194aa7673244549e68d42c1685d03,Ecosystem,Ecosystem,0xd9f8bf1f266e50bb4de528007f28c14bb7edaff7,julieshi.eth,Fellowship,-5000.0,-5000.0,USDC,1
0xc49c041ecb006a5a6c6bc9fc184f102c074cc3711b458778cfa76fef15a8ea83,2023-05-08,0x2686a8919df194aa7673244549e68d42c1685d03,Ecosystem,Ecosystem,0xfac50fd9eb90c1a7c0bc7b739eb90f1bda06e9d0,aexek.eth,Eco. Grants,-500.0,-500.0,USDC,1
0x32aafdb39b3f2275f7bd615630d7727b7b736ef63154fdf28c882bf19309752e,2023-05-12,0x2686a8919df194aa7673244549e68d42c1685d03,Ecosystem,Ecosystem,0x111f530216fbb0377b4bdd4d303a465a1090d09d,Nethereum,Eco. Grants,-10000.0,-10000.0,USDC,1
0xb9f48d56445041df849111937668609f856220094f9c1a0b9e38e771d8798c19,2023-05-22,0x2686a8919df194aa7673244549e68d42c1685d03,Ecosystem,Ecosystem,0x690f0581ececcf8389c223170778cd9d029606f2,ENS Labs,Hackathons,-3024.0,-3024.0,USDC,1
0x21bc1be5274041121d16e46bff3bcbc6056c822fd33253882c66dd076f85034a,2023-05-26,0x2686a8919df194aa7673244549e68d42c1685d03,Ecosystem,Ecosystem,0xcd18eaa163733da39c232722cbc4e8940b1d8888,gregskril.eth,Fellowship,-19989.7632,-19989.7632,USDC,1
0xd61dd10ee4993e3bec943b950e53212bb00100d16f171e8120519ad040d377b8,2023-05-26,0x2686a8919df194aa7673244549e68d42c1685d03,Ecosystem,Ecosystem,0xcd18eaa163733da39c232722cbc4e8940b1d8888,gregskril.eth,Fellowship,-19989.7632,-19989.7632,USDC,1
0x75118f5e202d7b084b8b201bd883ef157d93dff0080625f071259d6e124314db,2023-05-30,0x2686a8919df194aa7673244549e68d42c1685d03,Ecosystem,Ecosystem,0xd9f8bf1f266e50bb4de528007f28c14bb7edaff7,julieshi.eth,Fellowship,-5000.0,-5000.0,USDC,1
0xe664c0b1d5889fe2dbeb3da6b647384c509365021694e464500ad207caba04c5,2023-06-06,0x2686a8919df194aa7673244549e68d42c1685d03,Ecosystem,Ecosystem,0x4dc96aad2daa3f84066f3a00ec41fd1e88c8865a,Namehash,Eco. Grants,-20000.0,-20000.0,USDC,1
0x41407e5c5414cd57eb5c9aa0dfb3b3a47c971675ba43a68e340fba6bb68073cc,2023-06-13,0x2686a8919df194aa7673244549e68d42c1685d03,Ecosystem,Ecosystem,0x8189d57f4fa8fd85b82a74c6bff49a8002b2149d,drf.eth,Eco. Small Grants,-0.069,-120.00825,ETH,1
0x41407e5c5414cd57eb5c9aa0dfb3b3a47c971675ba43a68e340fba6bb68073cc,2023-06-13,0x2686a8919df194aa7673244549e68d42c1685d03,Ecosystem,Ecosystem,0x035ebd096afa6b98372494c7f08f3402324117d3,thecap.eth,Eco. Small Grants,-0.069,-120.00825,ETH,1
0x951103a878f371bd875a98afdf6970e1b457ab6560bf662fff744c75e14ad943,2023-06-13,0x2686a8919df194aa7673244549e68d42c1685d03,Ecosystem,Ecosystem,0xfac50fd9eb90c1a7c0bc7b739eb90f1bda06e9d0,aexek.eth,Eco. Small Grants,-0.44,-765.27,ETH,1
0x41407e5c5414cd57eb5c9aa0dfb3b3a47c971675ba43a68e340fba6bb68073cc,2023-06-13,0x2686a8919df194aa7673244549e68d42c1685d03,Ecosystem,Ecosystem,0x1d4f3eb7dcd7ee76f99c67a699de4da3b764b82d,crvne.eth,Eco. Small Grants,-0.069,-120.00825,ETH,1
0x41407e5c5414cd57eb5c9aa0dfb3b3a47c971675ba43a68e340fba6bb68073cc,2023-06-13,0x2686a8919df194aa7673244549e68d42c1685d03,Ecosystem,Ecosystem,0x4d9a0c7ed0d0156b79bfb3b6ae2e07512591ae9d,hotnerd.eth,Eco. Small Grants,-0.069,-120.00825,ETH,1
0x5aa36079dba621dcdce06a9ca41f59f647e6b888cd26715fe09a7808e9e0e33f,2023-06-26,0x2686a8919df194aa7673244549e68d42c1685d03,Ecosystem,Ecosystem,0x459efd5f53b4bb04b278925754fd427783831bc5,feems.eth,Eco. Small Grants,-0.7,-1301.433,ETH,1
0xa7612ccf35abd9c649740cf5cbbb1cc9e22fcf2ec58993796fb72f7ed256ff84,2023-06-26,0x2686a8919df194aa7673244549e68d42c1685d03,Ecosystem,Ecosystem,0x51050ec063d393217b436747617ad1c2285aeeee,raffy.eth,Eco. Grants,-30000.0,-30000.0,USDC,1
0xb28c1e1ce97cfa67d20c5a9d70983a02305ffd4737a7d3b122d2050bb02cd708,2023-06-26,0x2686a8919df194aa7673244549e68d42c1685d03,Ecosystem,Ecosystem,0x11ee133a1408fe2d7c62296d7eb33f234b774503,dm3.eth,Eco. Grants,-30000.0,-30000.0,USDC,1
0x5aa36079dba621dcdce06a9ca41f59f647e6b888cd26715fe09a7808e9e0e33f,2023-06-26,0x2686a8919df194aa7673244549e68d42c1685d03,Ecosystem,Ecosystem,0x8b6c27ec466923fad66ada94c78aa320ea876969,optidomains.eth,Eco. Small Grants,-0.7,-1301.433,ETH,1
0x5aa36079dba621dcdce06a9ca41f59f647e6b888cd26715fe09a7808e9e0e33f,2023-06-26,0x2686a8919df194aa7673244549e68d42c1685d03,Ecosystem,Ecosystem,0xb835f2736a2bafafb8e4a250fe130dc08b74006e,jeromebernard.eth,Eco. Small Grants,-0.7,-1301.433,ETH,1
0x5aa36079dba621dcdce06a9ca41f59f647e6b888cd26715fe09a7808e9e0e33f,2023-06-26,0x2686a8919df194aa7673244549e68d42c1685d03,Ecosystem,Ecosystem,0x0f9bd2a9e0d30f121c525db5419a07b08fce8440,davisshaver.eth,Eco. Small Grants,-0.7,-1301.433,ETH,1
0x5aa36079dba621dcdce06a9ca41f59f647e6b888cd26715fe09a7808e9e0e33f,2023-06-26,0x2686a8919df194aa7673244549e68d42c1685d03,Ecosystem,Ecosystem,0x9531c059098e3d194ff87febb587ab07b30b1306,Rotki,Eco. Small Grants,-0.7,-1301.433,ETH,1
0x5aa36079dba621dcdce06a9ca41f59f647e6b888cd26715fe09a7808e9e0e33f,2023-06-26,0x2686a8919df194aa7673244549e68d42c1685d03,Ecosystem,Ecosystem,0x6ea869b6870dd98552b0c7e47da90702a436358b,wayback-machine.eth,Eco. Small Grants,-0.7,-1301.433,ETH,1
0x5aa36079dba621dcdce06a9ca41f59f647e6b888cd26715fe09a7808e9e0e33f,2023-06-26,0x2686a8919df194aa7673244549e68d42c1685d03,Ecosystem,Ecosystem,0x8b1f85a93ac6e4f62695ea8ef2410d248605feff,premm.eth,Eco. Small Grants,-0.7,-1301.433,ETH,1
0x0478a0be769a5bb2b0f4e506a373e42b99eca005cd710665497d1fdd31e390ed,2023-06-30,0x2686a8919df194aa7673244549e68d42c1685d03,Ecosystem,Ecosystem,0x7e90e03654732abedf89faf87f05bcd03aceefdc,Tally,$ENS Distribution,-3000.0,-27738.47,ENS,1
0x4b83fe3c6e1814710b3a8b4a3027bbe112481c61150a4033268422c4f253d6c3,2023-06-30,0x2686a8919df194aa7673244549e68d42c1685d03,Ecosystem,Ecosystem,0xd9f8bf1f266e50bb4de528007f28c14bb7edaff7,julieshi.eth,Fellowship,-5000.0,-5000.0,USDC,1
0x9b12515a8c62202515fce8a488a3186fe3f249eb0f4a3f28f4bae6ace7d36b1e,2023-07-26,0x2686a8919df194aa7673244549e68d42c1685d03,Ecosystem,Ecosystem,0x13aee52c1c688d3554a15556c5353cb0c3696ea2,Newsletter SG,Newsletter,-18000.0,-18000.0,USDC,1
0x3296d57610af4805ed5e25e8112d48ae47933049490348d3ee8d7cdadffeed65,2023-08-24,0x2686a8919df194aa7673244549e68d42c1685d03,Ecosystem,Ecosystem,0x481f50a5bdccc0bc4322c4dca04301433ded50f0,ENS Fairy,ENS Fairy,-10.0,-16604.9,ETH,1
0xd87a95603774f753e1bb31d8b8c4937588f281d946b42fc35ab74c9be394435c,2023-08-24,0x2686a8919df194aa7673244549e68d42c1685d03,Ecosystem,Ecosystem,0xb352bb4e2a4f27683435f153a259f1b207218b1b,ETHLimo,Eco. Grants,-50000.0,-50000.0,USDC,1
0xd87a95603774f753e1bb31d8b8c4937588f281d946b42fc35ab74c9be394435c,2023-08-24,0x2686a8919df194aa7673244549e68d42c1685d03,Ecosystem,Ecosystem,0xb352bb4e2a4f27683435f153a259f1b207218b1b,ETHLimo,Eco. Grants,-25.0,-41512.25,ETH,1
0xe642125cf3f7997b6971b97a98c1fabe7a0d02ad3d155b4269e588c4a7e6afe4,2023-09-03,0x2686a8919df194aa7673244549e68d42c1685d03,Ecosystem,Ecosystem,0xf540fdfa0a08303c918ad383251ce8c48c42c39a,ENS Fairy,ENS Fairy,-1.0,-1635.73,ETH,1
0xf18ed4af70a40ae782de00a7ed48f6d967bf87d8d32ba35a826784db7b684ab8,2023-09-08,0x2686a8919df194aa7673244549e68d42c1685d03,Ecosystem,Ecosystem,0x59ad62fe873409969ac636ec38edd000411b0847,ipns.eth,Eco. Grants,-10000.0,-10000.0,USDC,1
0xdf3e588d1b1b97ca42fd89825b36f7ea4dd0e32002ff935cb75e1d8a29b0dfb8,2023-09-17,0x2686a8919df194aa7673244549e68d42c1685d03,Ecosystem,Ecosystem,0x97843608a00e2bbc75ab0c1911387e002565dede,scaffold.eth,Prop House,-15.381870312375021,-24965.6984292034,ETH,1
0x6629454d3365f2f6717dce07ab79a423c544a842436cba5c9f846227e40424df,2023-10-17,0x2686a8919df194aa7673244549e68d42c1685d03,Ecosystem,Ecosystem,0x1ba8603da702602a8657980e825a6daa03dee93a,premm.eth,Fellowship,-99.0,-99.0,USDC,1
0xb07500c4d7dcfce1924db68324f103dccd7be6273ad4fabc87dc0e0e8910e5ad,2023-10-20,0x2686a8919df194aa7673244549e68d42c1685d03,Ecosystem,Ecosystem,0x1ba8603da702602a8657980e825a6daa03dee93a,premm.eth,Fellowship,-59900.0,-59900.0,USDC,1
0x21385ecdb68b8537cdda132020c4aef0a85afe4aab6783d1c58684907b7d5031,2023-10-26,0x2686a8919df194aa7673244549e68d42c1685d03,Ecosystem,Ecosystem,0xc9c022fcfebe730710ae93ca9247c5ec9d9236d0,frolic.eth,Eco. Grants,-10000.0,-10000.0,USDC,1
0x6639b944a5e0aff23fbc5da37201dddd6ddb28b500ac67cd525234e8430e58a0,2023-10-26,0x2686a8919df194aa7673244549e68d42c1685d03,Ecosystem,Ecosystem,0x905296ed6411d92165349b468ca838d83fe96ae4,sefu.eth,Eco. Grants,-10000.0,-10000.0,USDC,1
0x8b845e9b1d6f877a80444ae0fbe235badc189bf2f8cb11f59ecbeb43e799d5f3,2023-11-10,0x2686a8919df194aa7673244549e68d42c1685d03,Ecosystem,Ecosystem,0x4dc96aad2daa3f84066f3a00ec41fd1e88c8865a,Namehash,Eco. Small Grants,-0.7,-1454.964,ETH,1
0x8b845e9b1d6f877a80444ae0fbe235badc189bf2f8cb11f59ecbeb43e799d5f3,2023-11-10,0x2686a8919df194aa7673244549e68d42c1685d03,Ecosystem,Ecosystem,0x2ac6a3561a43f06d62602ef9728c2b9eec393326,1w3.eth,Eco. Small Grants,-3.0,-6235.5599999999995,ETH,1
0x8b845e9b1d6f877a80444ae0fbe235badc189bf2f8cb11f59ecbeb43e799d5f3,2023-11-10,0x2686a8919df194aa7673244549e68d42c1685d03,Ecosystem,Ecosystem,0x102ef2536ef4cb29231fbadbb89c29f0db936231,nycmobile.eth,Eco. Small Grants,-0.7,-1454.964,ETH,1
0x8b845e9b1d6f877a80444ae0fbe235badc189bf2f8cb11f59ecbeb43e799d5f3,2023-11-10,0x2686a8919df194aa7673244549e68d42c1685d03,Ecosystem,Ecosystem,0x459efd5f53b4bb04b278925754fd427783831bc5,feems.eth,Eco. Small Grants,-0.7,-1454.964,ETH,1
0x8b845e9b1d6f877a80444ae0fbe235badc189bf2f8cb11f59ecbeb43e799d5f3,2023-11-10,0x2686a8919df194aa7673244549e68d42c1685d03,Ecosystem,Ecosystem,0x8b1f85a93ac6e4f62695ea8ef2410d248605feff,premm.eth,Eco. Small Grants,-0.7,-1454.964,ETH,1
0x8b845e9b1d6f877a80444ae0fbe235badc189bf2f8cb11f59ecbeb43e799d5f3,2023-11-10,0x2686a8919df194aa7673244549e68d42c1685d03,Ecosystem,Ecosystem,0x035ebd096afa6b98372494c7f08f3402324117d3,thecap.eth,Eco. Small Grants,-2.0,-4157.04,ETH,1
0x8b845e9b1d6f877a80444ae0fbe235badc189bf2f8cb11f59ecbeb43e799d5f3,2023-11-10,0x2686a8919df194aa7673244549e68d42c1685d03,Ecosystem,Ecosystem,0x1208a26faa0f4ac65b42098419eb4daa5e580ac6,stevegachau.eth,Eco. Small Grants,-0.7,-1454.964,ETH,1
0x8b845e9b1d6f877a80444ae0fbe235badc189bf2f8cb11f59ecbeb43e799d5f3,2023-11-10,0x2686a8919df194aa7673244549e68d42c1685d03,Ecosystem,Ecosystem,0x59ad62fe873409969ac636ec38edd000411b0847,ipns.eth,Eco. Small Grants,-0.7,-1454.964,ETH,1
0x8b845e9b1d6f877a80444ae0fbe235badc189bf2f8cb11f59ecbeb43e799d5f3,2023-11-10,0x2686a8919df194aa7673244549e68d42c1685d03,Ecosystem,Ecosystem,0xa74fc66e75f883ee8e60e287335436ca8e6a303c,superteamdao.eth,Eco. Small Grants,-0.7,-1454.964,ETH,1
0x8b845e9b1d6f877a80444ae0fbe235badc189bf2f8cb11f59ecbeb43e799d5f3,2023-11-10,0x2686a8919df194aa7673244549e68d42c1685d03,Ecosystem,Ecosystem,0x6ea869b6870dd98552b0c7e47da90702a436358b,wayback-machine.eth,Eco. Small Grants,-5.0,-10392.6,ETH,1
0x7eadcd845362e160fa4a6f1918132c1b2c918fdb25e81cc3358ca11ef8daa1fe,2023-11-20,0xfe89cc7abb2c4183683ab71653c4cdc9b02d44b7,DAO Wallet,DAO Wallet,0x2686a8919df194aa7673244549e68d42c1685d03,Ecosystem,Ecosystem,409000.0,409000.0,USDC,1
0x333b3e82d7a218b8830f4b1f186008cf71dbe13baeba2e91f46076e0c6d5b402,2023-12-11,0x2686a8919df194aa7673244549e68d42c1685d03,Ecosystem,Ecosystem,0x546b9ac9a6c0a7e50caa189f021b1ccc676e1d7e,EVM Gateway,Eco. Grants,-10000.0,-10000.0,USDC,1
0x333b3e82d7a218b8830f4b1f186008cf71dbe13baeba2e91f46076e0c6d5b402,2023-12-11,0x2686a8919df194aa7673244549e68d42c1685d03,Ecosystem,Ecosystem,0xac50ce326de14ddf9b7e9611cd2f33a1af8ac039,ENSTools,Eco. Grants,-10000.0,-10000.0,USDC,1
0x333b3e82d7a218b8830f4b1f186008cf71dbe13baeba2e91f46076e0c6d5b402,2023-12-11,0x2686a8919df194aa7673244549e68d42c1685d03,Ecosystem,Ecosystem,0x1208a26faa0f4ac65b42098419eb4daa5e580ac6,stevegachau.eth,Eco. Grants,-10000.0,-10000.0,USDC,1
0x333b3e82d7a218b8830f4b1f186008cf71dbe13baeba2e91f46076e0c6d5b402,2023-12-11,0x2686a8919df194aa7673244549e68d42c1685d03,Ecosystem,Ecosystem,0x2ac6a3561a43f06d62602ef9728c2b9eec393326,1w3.eth,Eco. Grants,-10000.0,-10000.0,USDC,1
0x333b3e82d7a218b8830f4b1f186008cf71dbe13baeba2e91f46076e0c6d5b402,2023-12-11,0x2686a8919df194aa7673244549e68d42c1685d03,Ecosystem,Ecosystem,0x090295882a6c69a79d9b293124fdd7dc9e181013,Onthis,Eco. Grants,-10000.0,-10000.0,USDC,1
0x466e38e4a2275a48a22bf1ad8ed478a8376445668d19b7eedef23427987b41c7,2023-12-12,0x2686a8919df194aa7673244549e68d42c1685d03,Ecosystem,Ecosystem,0x4dc96aad2daa3f84066f3a00ec41fd1e88c8865a,Namehash,Eco. Small Grants,-0.7,-1541.6309999999999,ETH,1
0x466e38e4a2275a48a22bf1ad8ed478a8376445668d19b7eedef23427987b41c7,2023-12-12,0x2686a8919df194aa7673244549e68d42c1685d03,Ecosystem,Ecosystem,0xbe86ad13bc8906b5fa41b6b60e949df8d23dde11,maxi.eth,Eco. Small Grants,-0.7,-1541.6309999999999,ETH,1
0x466e38e4a2275a48a22bf1ad8ed478a8376445668d19b7eedef23427987b41c7,2023-12-12,0x2686a8919df194aa7673244549e68d42c1685d03,Ecosystem,Ecosystem,0x6ea869b6870dd98552b0c7e47da90702a436358b,wayback-machine.eth,Eco. Small Grants,-0.7,-1541.6309999999999,ETH,1
0x466e38e4a2275a48a22bf1ad8ed478a8376445668d19b7eedef23427987b41c7,2023-12-12,0x2686a8919df194aa7673244549e68d42c1685d03,Ecosystem,Ecosystem,0xa74fc66e75f883ee8e60e287335436ca8e6a303c,superteamdao.eth,Eco. Small Grants,-0.7,-1541.6309999999999,ETH,1
0x466e38e4a2275a48a22bf1ad8ed478a8376445668d19b7eedef23427987b41c7,2023-12-12,0x2686a8919df194aa7673244549e68d42c1685d03,Ecosystem,Ecosystem,0x035ebd096afa6b98372494c7f08f3402324117d3,thecap.eth,Eco. Small Grants,-2.0,-4404.66,ETH,1
0x466e38e4a2275a48a22bf1ad8ed478a8376445668d19b7eedef23427987b41c7,2023-12-12,0x2686a8919df194aa7673244549e68d42c1685d03,Ecosystem,Ecosystem,0x51050ec063d393217b436747617ad1c2285aeeee,raffy.eth,Eco. Small Grants,-2.0,-4404.66,ETH,1
0x466e38e4a2275a48a22bf1ad8ed478a8376445668d19b7eedef23427987b41c7,2023-12-12,0x2686a8919df194aa7673244549e68d42c1685d03,Ecosystem,Ecosystem,0x8b1f85a93ac6e4f62695ea8ef2410d248605feff,premm.eth,Eco. Small Grants,-2.0,-4404.66,ETH,1
0x466e38e4a2275a48a22bf1ad8ed478a8376445668d19b7eedef23427987b41c7,2023-12-12,0x2686a8919df194aa7673244549e68d42c1685d03,Ecosystem,Ecosystem,0x47c10b0491a138ddae6ccfa26f17adcfca299753,ipns.eth,Eco. Small Grants,-3.0,-6606.99,ETH,1
0x466e38e4a2275a48a22bf1ad8ed478a8376445668d19b7eedef23427987b41c7,2023-12-12,0x2686a8919df194aa7673244549e68d42c1685d03,Ecosystem,Ecosystem,0x2ac6a3561a43f06d62602ef9728c2b9eec393326,1w3.eth,Eco. Small Grants,-5.0,-11011.65,ETH,1
0x466e38e4a2275a48a22bf1ad8ed478a8376445668d19b7eedef23427987b41c7,2023-12-12,0x2686a8919df194aa7673244549e68d42c1685d03,Ecosystem,Ecosystem,0xeed28010b97ec007dce8da01970dd60dab771bd8,enspoker.eth,Eco. Small Grants,-0.7,-1541.6309999999999,ETH,1
0x45618c24e39d3f06dde606cc73b83973f256bd606a07d421c63d9135abccc77b,2023-12-22,0x2686a8919df194aa7673244549e68d42c1685d03,Ecosystem,Ecosystem,0x60dbf50076206f60bcc2edf9295f5734561b8d77,estmcmxci.eth,$ENS Distribution,-1000.0,-8560.0,ENS,1
0x45618c24e39d3f06dde606cc73b83973f256bd606a07d421c63d9135abccc77b,2023-12-22,0x2686a8919df194aa7673244549e68d42c1685d03,Ecosystem,Ecosystem,0xb352bb4e2a4f27683435f153a259f1b207218b1b,ETHLimo,$ENS Distribution,-1000.0,-8560.0,ENS,1
0x45618c24e39d3f06dde606cc73b83973f256bd606a07d421c63d9135abccc77b,2023-12-22,0x2686a8919df194aa7673244549e68d42c1685d03,Ecosystem,Ecosystem,0xc9c022fcfebe730710ae93ca9247c5ec9d9236d0,frolic.eth,$ENS Distribution,-1000.0,-8560.0,ENS,1
0x45618c24e39d3f06dde606cc73b83973f256bd606a07d421c63d9135abccc77b,2023-12-22,0x2686a8919df194aa7673244549e68d42c1685d03,Ecosystem,Ecosystem,0x2ac6a3561a43f06d62602ef9728c2b9eec393326,1w3.eth,$ENS Distribution,-1000.0,-8560.0,ENS,1
0x45618c24e39d3f06dde606cc73b83973f256bd606a07d421c63d9135abccc77b,2023-12-22,0x2686a8919df194aa7673244549e68d42c1685d03,Ecosystem,Ecosystem,0x905296ed6411d92165349b468ca838d83fe96ae4,sefu.eth,$ENS Distribution,-1000.0,-8560.0,ENS,1
0x45618c24e39d3f06dde606cc73b83973f256bd606a07d421c63d9135abccc77b,2023-12-22,0x2686a8919df194aa7673244549e68d42c1685d03,Ecosystem,Ecosystem,0x1208a26faa0f4ac65b42098419eb4daa5e580ac6,stevegachau.eth,$ENS Distribution,-1000.0,-8560.0,ENS,1
0x45618c24e39d3f06dde606cc73b83973f256bd606a07d421c63d9135abccc77b,2023-12-22,0x2686a8919df194aa7673244549e68d42c1685d03,Ecosystem,Ecosystem,0xac50ce326de14ddf9b7e9611cd2f33a1af8ac039,ENSTools,$ENS Distribution,-1000.0,-8560.0,ENS,1
0x45618c24e39d3f06dde606cc73b83973f256bd606a07d421c63d9135abccc77b,2023-12-22,0x2686a8919df194aa7673244549e68d42c1685d03,Ecosystem,Ecosystem,0x546b9ac9a6c0a7e50caa189f021b1ccc676e1d7e,EVM Gateway,$ENS Distribution,-1000.0,-8560.0,ENS,1
0x45618c24e39d3f06dde606cc73b83973f256bd606a07d421c63d9135abccc77b,2023-12-22,0x2686a8919df194aa7673244549e68d42c1685d03,Ecosystem,Ecosystem,0x090295882a6c69a79d9b293124fdd7dc9e181013,Onthis,$ENS Distribution,-1000.0,-8560.0,ENS,1
0x45618c24e39d3f06dde606cc73b83973f256bd606a07d421c63d9135abccc77b,2023-12-22,0x2686a8919df194aa7673244549e68d42c1685d03,Ecosystem,Ecosystem,0x8b1f85a93ac6e4f62695ea8ef2410d248605feff,premm.eth,$ENS Distribution,-1000.0,-8560.0,ENS,1
0x45618c24e39d3f06dde606cc73b83973f256bd606a07d421c63d9135abccc77b,2023-12-22,0x2686a8919df194aa7673244549e68d42c1685d03,Ecosystem,Ecosystem,0x59ad62fe873409969ac636ec38edd000411b0847,ipns.eth,$ENS Distribution,-1000.0,-8560.0,ENS,1
0x244cd5110592def9acaae8ef17c67ae1434db364a63a3a4d05679a7a03bb9832,2023-12-27,0x2686a8919df194aa7673244549e68d42c1685d03,Ecosystem,Ecosystem,0xf540fdfa0a08303c918ad383251ce8c48c42c39a,ENS Fairy,ENS Fairy,-2.0,-4760.68,ETH,1
0x896b460c1f3300cf0eca9531c99ecf925a9103933cf5cd66d513ad1a27818618,2023-12-27,0x2686a8919df194aa7673244549e68d42c1685d03,Ecosystem,Ecosystem,0x481f50a5bdccc0bc4322c4dca04301433ded50f0,ENS Fairy,ENS Fairy,-10.0,-23803.4,ETH,1
0xbb1c37ec1bc11ac4052d58bb63dbff0a6c86638447680d4203b8d13516245e2e,2023-12-28,0xba0c461b22d918fb1f52fef556310230d177d1f2,Gitcoin Grants SG,Gitcoin Grants SG,0x2686a8919df194aa7673244549e68d42c1685d03,Ecosystem,Ecosystem,140480.0,140480.0,USDC,1
0x68b44bb533c5a957937d28f5243aa805eeb36181cc1cf6a70506a042625b29cb,2023-12-28,0xba0c461b22d918fb1f52fef556310230d177d1f2,Gitcoin Grants SG,Gitcoin Grants SG,0x2686a8919df194aa7673244549e68d42c1685d03,Ecosystem,Ecosystem,3.757,8811.818080000001,ETH,1
0xa6760dbc5e75a22221466fa187a730923cc9fe7261c5b1d219819c1d5a17d69b,2024-01-04,0x69a79128462853833e22bba1a43bcdac4725761b,Support SG,Support SG,0x2686a8919df194aa7673244549e68d42c1685d03,Ecosystem,Ecosystem,1250.0,15925.0,ENS,1
0xa6760dbc5e75a22221466fa187a730923cc9fe7261c5b1d219819c1d5a17d69b,2024-01-04,0x69a79128462853833e22bba1a43bcdac4725761b,Support SG,Support SG,0x2686a8919df194aa7673244549e68d42c1685d03,Ecosystem,Ecosystem,19.00000782,43119.9477472554,ETH,1
0xa6760dbc5e75a22221466fa187a730923cc9fe7261c5b1d219819c1d5a17d69b,2024-01-04,0x69a79128462853833e22bba1a43bcdac4725761b,Support SG,Support SG,0x2686a8919df194aa7673244549e68d42c1685d03,Ecosystem,Ecosystem,66421.674104,66421.674104,USDC,1
0x8d6130a94b7cd6e1172fec54ed40e764e2769cdd48044074d077b6fe731357ce,2024-01-24,0x6a016548310076285668e2378df70bd545396b5a,Builders SG,Builders SG,0x2686a8919df194aa7673244549e68d42c1685d03,Ecosystem,Ecosystem,2000.0,33240.0,ENS,1
0x67783ea5327478dcce214596787e05f4071f758acd2a0db95c624739b0b98b07,2024-01-24,0x6a016548310076285668e2378df70bd545396b5a,Builders SG,Builders SG,0x2686a8919df194aa7673244549e68d42c1685d03,Ecosystem,Ecosystem,157000.032849,157000.032849,USDC,1
0xc3e4eff211a11fc70872b3191ae8e26a2fdcb5ba7ca658496dc5cf3666417dd3,2024-01-24,0x6a016548310076285668e2378df70bd545396b5a,Builders SG,Builders SG,0x2686a8919df194aa7673244549e68d42c1685d03,Ecosystem,Ecosystem,38.0,84896.94,ETH,1
0x60c4fa94118fe11e3804e1d1ad7c07cc93748c65fc78de74997b7c4ce4b792ec,2024-01-26,0x2686a8919df194aa7673244549e68d42c1685d03,Ecosystem,Ecosystem,0x9b9c249be04dd433c7e8fbbf5e61e6741b89966d,Hackathons SG ,Hackathons,-200000.0,-200000.0,USDC,1
0x1aa8ea15b8e8d86f3cdbd10c6c6f09e7b75422aa2d2789793c06b3a57cc33be1,2024-01-31,0x2686a8919df194aa7673244549e68d42c1685d03,Ecosystem,Ecosystem,0x11725b126ff9e4279e4f645c87736a501aa0eb1a,Discord Support,Support,-1500.0,-1500.0,USDC,1
0x1aa8ea15b8e8d86f3cdbd10c6c6f09e7b75422aa2d2789793c06b3a57cc33be1,2024-01-31,0x2686a8919df194aa7673244549e68d42c1685d03,Ecosystem,Ecosystem,0x60dbf50076206f60bcc2edf9295f5734561b8d77,estmcmxci.eth,Support,-500.0,-500.0,USDC,1
0xbff80813307ed2bda10a8ec2206cd7318c445fd1fbce7512aca02a01aaa3c4e1,2024-03-01,0x2686a8919df194aa7673244549e68d42c1685d03,Ecosystem,Ecosystem,0x13aee52c1c688d3554a15556c5353cb0c3696ea2,Newsletter SG,Newsletter,-9000.0,-9000.0,USDC,1
0xe6fa747e8fc757c0258079af3213900ab5e846d4e8fc2644239d3f690613dc84,2024-03-01,0x2686a8919df194aa7673244549e68d42c1685d03,Ecosystem,Ecosystem,0x536013c57daf01d78e8a70cad1b1abada9411819,IRL SG,IRL,-50000.0,-50000.0,USDC,1
0xec6fd254700621353c0d84724d02a8219df6d0b5ae85589fb252b411c9b7c3eb,2024-03-02,0x2686a8919df194aa7673244549e68d42c1685d03,Ecosystem,Ecosystem,0x60dbf50076206f60bcc2edf9295f5734561b8d77,estmcmxci.eth,SMM,-560.0,-560.0,USDC,1
0x88109a52f87c8f09b230404c4fd645b77db63a8ec3c89e0da0099953a62fc3b6,2024-03-02,0x2686a8919df194aa7673244549e68d42c1685d03,Ecosystem,Ecosystem,0x11725b126ff9e4279e4f645c87736a501aa0eb1a,Discord Support,Support,-1500.0,-1500.0,USDC,1
0x6cfb70f462e10879c1bd1d957c096e905edd0631a2cfb6ae0b2ddf6bd8763131,2024-03-31,0x2686a8919df194aa7673244549e68d42c1685d03,Ecosystem,Ecosystem,0x9d4e94db689bc471e45b0a18b7bda36fccec9c3b,Beaconchain,Eco. Grants,-25000.0,-25000.0,USDC,1
0x6cfb70f462e10879c1bd1d957c096e905edd0631a2cfb6ae0b2ddf6bd8763131,2024-03-31,0x2686a8919df194aa7673244549e68d42c1685d03,Ecosystem,Ecosystem,0xe4b23bd52ccb8596e7354f4ae79647095140502b,Pugson,Eco. Grants,-10000.0,-10000.0,USDC,1
0x6cfb70f462e10879c1bd1d957c096e905edd0631a2cfb6ae0b2ddf6bd8763131,2024-03-31,0x2686a8919df194aa7673244549e68d42c1685d03,Ecosystem,Ecosystem,0xd4864a82f8c875aadd653f3bdeff3c9e2f11a848,Fluidkey,Eco. Grants,-25000.0,-25000.0,USDC,1
0x6cfb70f462e10879c1bd1d957c096e905edd0631a2cfb6ae0b2ddf6bd8763131,2024-03-31,0x2686a8919df194aa7673244549e68d42c1685d03,Ecosystem,Ecosystem,0x090295882a6c69a79d9b293124fdd7dc9e181013,Onthis,Eco. Grants,-25000.0,-25000.0,USDC,1
0x6cfb70f462e10879c1bd1d957c096e905edd0631a2cfb6ae0b2ddf6bd8763131,2024-03-31,0x2686a8919df194aa7673244549e68d42c1685d03,Ecosystem,Ecosystem,0xc9c022fcfebe730710ae93ca9247c5ec9d9236d0,frolic.eth,Eco. Grants,-10000.0,-10000.0,USDC,1
0x6cfb70f462e10879c1bd1d957c096e905edd0631a2cfb6ae0b2ddf6bd8763131,2024-03-31,0x2686a8919df194aa7673244549e68d42c1685d03,Ecosystem,Ecosystem,0x2ac6a3561a43f06d62602ef9728c2b9eec393326,1w3.eth,Eco. Grants,-25000.0,-25000.0,USDC,1
0x79170c91ec172e20ae5942549c28eec7eb503ca8c16d30edf92d1b23e4a04599,2024-04-02,0x2686a8919df194aa7673244549e68d42c1685d03,Ecosystem,Ecosystem,0x60dbf50076206f60bcc2edf9295f5734561b8d77,estmcmxci.eth,SMM,-560.0,-560.0,USDC,1
0x79170c91ec172e20ae5942549c28eec7eb503ca8c16d30edf92d1b23e4a04599,2024-04-02,0x2686a8919df194aa7673244549e68d42c1685d03,Ecosystem,Ecosystem,0x11725b126ff9e4279e4f645c87736a501aa0eb1a,Discord Support,Support,-1500.0,-1500.0,USDC,1
0x6c2e9b910decc2f00d4639c57f38929fec34a47ec400fdbc8fd7e60e7b2e1081,2024-04-14,0x2686a8919df194aa7673244549e68d42c1685d03,Ecosystem,Ecosystem,0x59ad62fe873409969ac636ec38edd000411b0847,ipns.eth,Eco. Grants,-25000.0,-25000.0,USDC,1
0xd57a8a13c74df22cbd3cb072d172557fc69166a3d25913e5fb9877902b2696de,2024-04-18,0x2686a8919df194aa7673244549e68d42c1685d03,Ecosystem,Ecosystem,0xdf8ec14222ce1127d31a3828758b53b40abacc17,Drips,Eco. Grants,-100.0,-100.0,USDC,1
0xf1d16a0b4425b2b5a539e8840ca647e579e51f3b50a711677d5939e9e55082aa,2024-04-18,0x2686a8919df194aa7673244549e68d42c1685d03,Ecosystem,Ecosystem,0xdf8ec14222ce1127d31a3828758b53b40abacc17,Drips,Eco. Grants,-9900.0,-9900.0,USDC,1
0xb4a45a3e6b514c9805c847c530bede30e929cfe671827dd3d9eed4a36504ea73,2024-04-27,0x2686a8919df194aa7673244549e68d42c1685d03,Ecosystem,Ecosystem,0x3aae10803fd40005a6132e6b9f5cd6ac0657bf60,Blockful,Bountycaster,-0.5,-1626.615,ETH,1
0x38b3299d1590e2db520502d141dd3593e3525c981d54cc14d389e396c46a6f4b,2024-04-30,0x2686a8919df194aa7673244549e68d42c1685d03,Ecosystem,Ecosystem,0x11725b126ff9e4279e4f645c87736a501aa0eb1a,Discord Support,Support,-1700.0,-1700.0,USDC,1
0x38b3299d1590e2db520502d141dd3593e3525c981d54cc14d389e396c46a6f4b,2024-04-30,0x2686a8919df194aa7673244549e68d42c1685d03,Ecosystem,Ecosystem,0x60dbf50076206f60bcc2edf9295f5734561b8d77,estmcmxci.eth,SMM,-560.0,-560.0,USDC,1
0xe448fed2956fa56f5da99b2039eae75864fc34c60a27458e5810ed27fed7e3f3,2024-05-20,0x2686a8919df194aa7673244549e68d42c1685d03,Ecosystem,Ecosystem,0x3a23f943181408eac424116af7b7790c94cb97a5,Socket,Gitcoin Grants,-100.0,-100.0,USDC,1
0xdfdeb17a2f137c4f9f9d0e7f5b69709850de6372aaf9b6e3378eaa709438c397,2024-05-20,0x2686a8919df194aa7673244549e68d42c1685d03,Ecosystem,Ecosystem,0xd0dd053392db676d57317cd4fe96fc2ccf42d0b4,wslyvh.eth,Hackathons,-50004.0,-50004.0,USDC,1
0xb522b0317a9d1a2f46cab01a13608ca92eacfc606dd4433aa29c942f2acc38da,2024-05-20,0x2686a8919df194aa7673244549e68d42c1685d03,Ecosystem,Ecosystem,0x3a23f943181408eac424116af7b7790c94cb97a5,Socket,Gitcoin Grants,-4900.0,-4900.0,USDC,1
0xb47d991cd1c32391f8e147efb73c6de6ef5edd3c0f6a187c237e9c89e1d438d8,2024-06-02,0x2686a8919df194aa7673244549e68d42c1685d03,Ecosystem,Ecosystem,0x11725b126ff9e4279e4f645c87736a501aa0eb1a,Discord Support,Support,-1700.0,-1700.0,USDC,1
0xb47d991cd1c32391f8e147efb73c6de6ef5edd3c0f6a187c237e9c89e1d438d8,2024-06-02,0x2686a8919df194aa7673244549e68d42c1685d03,Ecosystem,Ecosystem,0x60dbf50076206f60bcc2edf9295f5734561b8d77,estmcmxci.eth,SMM,-560.0,-560.0,USDC,1
0x2606d71061f425826f3f8fa40afa0d76ef208cf69e8496f9210b9d59cb3f14fb,2024-06-09,0x253553366da8546fc250f225fe3d25d0c782303b,New Registrar,New Registrar,0x2686a8919df194aa7673244549e68d42c1685d03,Ecosystem,Ecosystem,0.003468073403941,12.852680035005346,ETH,1
0x2606d71061f425826f3f8fa40afa0d76ef208cf69e8496f9210b9d59cb3f14fb,2024-06-09,0x2686a8919df194aa7673244549e68d42c1685d03,Ecosystem,Ecosystem,0x253553366da8546fc250f225fe3d25d0c782303b,New Registrar,New Registrar,-0.1768717436009952,-655.4866817852882,ETH,1
0x1acf5f199f532d7627e76df067a3665924216dfd2aa0bc710c6c725948e6505d,2024-06-13,0x2686a8919df194aa7673244549e68d42c1685d03,Ecosystem,Ecosystem,0x50d6ccf9e9ca7157f058545f0c3b2552041ae483,ImmuneFi,Bug Bounty,-250000.0,-250000.0,USDC,1
0xc9b50c3f3c734104bcc35c0241a2752c8cfae92e8ae7f4f55beee625500cad3e,2024-06-19,0x0d06a817584ac378849f03df6f11a9ad67dd786d,Merch SG,Merch SG,0x2686a8919df194aa7673244549e68d42c1685d03,Ecosystem,Ecosystem,500.0,13095.0,ENS,1
0x46d5289a91bb78f2a90b201c754b94ea55ef69ca2f72edc09c7044ac48891ab1,2024-06-19,0x0d06a817584ac378849f03df6f11a9ad67dd786d,Merch SG,Merch SG,0x2686a8919df194aa7673244549e68d42c1685d03,Ecosystem,Ecosystem,25782.574568,25782.574568,USDC,1
0x6e602cfcc753f894108c841e46c8e5fd4a7d2f9b64b01290e4b446d30140a987,2024-06-19,0x0d06a817584ac378849f03df6f11a9ad67dd786d,Merch SG,Merch SG,0x2686a8919df194aa7673244549e68d42c1685d03,Ecosystem,Ecosystem,4.914179,17489.415635629997,ETH,1
0xd35b1f4cadc2f6d64cc5d360e10cf6804adfcc6e6ec8683acaebc5e26547e25e,2024-06-19,0x9008d19f58aabd9ed0d60971565aa8510560ab41,CoW,CoW,0x2686a8919df194aa7673244549e68d42c1685d03,Ecosystem,Ecosystem,89.515643,89.515643,USDC,1
0x162e566fbef5938c47b9320d43d3c14af16b552d281bb21a8a0474b3c3143fb3,2024-07-01,0x2686a8919df194aa7673244549e68d42c1685d03,Ecosystem,Ecosystem,0x11725b126ff9e4279e4f645c87736a501aa0eb1a,Discord Support,Support,-1700.0,-1700.0,USDC,1
0x162e566fbef5938c47b9320d43d3c14af16b552d281bb21a8a0474b3c3143fb3,2024-07-01,0x2686a8919df194aa7673244549e68d42c1685d03,Ecosystem,Ecosystem,0x60dbf50076206f60bcc2edf9295f5734561b8d77,estmcmxci.eth,SMM,-560.0,-560.0,USDC,1
0xae5d1ceed7c5cd0ff73a97213f4e5dbe5ac3bd40e431d4526d877e945ff41a37,2024-08-05,0x2686a8919df194aa7673244549e68d42c1685d03,Ecosystem,Ecosystem,0x11725b126ff9e4279e4f645c87736a501aa0eb1a,Discord Support,Support,-1700.0,-1700.0,USDC,1
0xae5d1ceed7c5cd0ff73a97213f4e5dbe5ac3bd40e431d4526d877e945ff41a37,2024-08-05,0x2686a8919df194aa7673244549e68d42c1685d03,Ecosystem,Ecosystem,0x60dbf50076206f60bcc2edf9295f5734561b8d77,estmcmxci.eth,SMM,-560.0,-560.0,USDC,1
0x904e2924c45a41b6974165e1b60c3a24a7b75d181bc38268fc50fe889db8c93a,2024-08-05,0x2686a8919df194aa7673244549e68d42c1685d03,Ecosystem,Ecosystem,0x690f0581ececcf8389c223170778cd9d029606f2,ENS Labs,Hackathons,-20000.0,-20000.0,USDC,1
0xadf62a4f848e99a88d8aedb9c37fe5baaa37c1d8ee6f67c5c8811ec8998825a5,2024-08-20,0x253553366da8546fc250f225fe3d25d0c782303b,New Registrar,New Registrar,0x2686a8919df194aa7673244549e68d42c1685d03,Ecosystem,Ecosystem,0.0197803256283199,51.27851615885651,ETH,1
0xadf62a4f848e99a88d8aedb9c37fe5baaa37c1d8ee6f67c5c8811ec8998825a5,2024-08-20,0x2686a8919df194aa7673244549e68d42c1685d03,Ecosystem,Ecosystem,0x253553366da8546fc250f225fe3d25d0c782303b,New Registrar,New Registrar,-1.008796607044317,-2615.2043241016877,ETH,1
0x73a366234fdc93f5983ab4ed14ed3c721aa750f374eb4a7b613d97d49bfe77f8,2024-08-29,0x2686a8919df194aa7673244549e68d42c1685d03,Ecosystem,Ecosystem,0x50d6ccf9e9ca7157f058545f0c3b2552041ae483,ImmuneFi,Bug Bounty,-100000.0,-100000.0,USDC,1
0xa1c94c97b130ff6c229f1e4b3f7d5fd050f658e74280b1635629dd292c5b408e,2024-09-04,0x2686a8919df194aa7673244549e68d42c1685d03,Ecosystem,Ecosystem,0x60dbf50076206f60bcc2edf9295f5734561b8d77,estmcmxci.eth,SMM,-560.0,-560.0,USDC,1
0xa1c94c97b130ff6c229f1e4b3f7d5fd050f658e74280b1635629dd292c5b408e,2024-09-04,0x2686a8919df194aa7673244549e68d42c1685d03,Ecosystem,Ecosystem,0x11725b126ff9e4279e4f645c87736a501aa0eb1a,Discord Support,Support,-1700.0,-1700.0,USDC,1
0x1d77405969a3840d3202b54afc73eed74860a787d5d61fc58333e9bbce7fcd59,2024-09-05,0x2686a8919df194aa7673244549e68d42c1685d03,Ecosystem,Ecosystem,0x242ba6d68ffeb4a098b591b32d370f973ff882b7,0x242ba6d68ffeb4a098b591b32d370f973ff882b7,0x242ba6d68ffeb4a098b591b32d370f973ff882b7,-25000.0,-25000.0,USDC,0
0x643b11eb77bc8ff747ea1fa819c8894d6bab9aa77ec09aa390301699ab174df1,2024-09-05,0x2686a8919df194aa7673244549e68d42c1685d03,Ecosystem,Ecosystem,0x1337e2624ffec537087c6774e9a18031cfeaf0a9,0x1337e2624ffec537087c6774e9a18031cfeaf0a9,0x1337e2624ffec537087c6774e9a18031cfeaf0a9,-1.0,-2373.04,ETH,0
0x643b11eb77bc8ff747ea1fa819c8894d6bab9aa77ec09aa390301699ab174df1,2024-09-05,0x2686a8919df194aa7673244549e68d42c1685d03,Ecosystem,Ecosystem,0x571fd71e4ebc85037f5bb6439022e90ce260df39,0x571fd71e4ebc85037f5bb6439022e90ce260df39,0x571fd71e4ebc85037f5bb6439022e90ce260df39,-1.0,-2373.04,ETH,0
0x643b11eb77bc8ff747ea1fa819c8894d6bab9aa77ec09aa390301699ab174df1,2024-09-05,0x2686a8919df194aa7673244549e68d42c1685d03,Ecosystem,Ecosystem,0x8d25687829d6b85d9e0020b8c89e3ca24de20a89,0x8d25687829d6b85d9e0020b8c89e3ca24de20a89,0x8d25687829d6b85d9e0020b8c89e3ca24de20a89,-1.0,-2373.04,ETH,0
